1973-07-24,NIG,Gd Software A.G,Information technology/software trainers
2007-05-07,OOA,Projector Pte. Ltd,Midwife
1988-12-20,POA,Gs Mutual ,Toxicologist
1981-12-12,YKU,Hart Inc,Office manager
2008-07-31,BSM,Triumph Stores A.G,Retail manager
2004-05-14,KZF,Eleven SIA,Health and safety adviser
1998-08-18,YRF,Congratulations Stores Company,Food scientist
2017-01-22,REX,To Holdings A.G,Stockbroker
2006-05-16,IFA,Controls B.V,Court reporter/verbatim reporter
1987-10-18,ATQ,Roulette Holdings GmbH,Statistician
1997-09-21,HPN,Contractor Industries Pte. Ltd,Careers adviser
1989-01-04,MAU,Generator Corp,Quality assurance manager
2016-09-21,GEB,Minus Stores Ltd,Marketing account manager
2003-09-04,LTT,Unit Mutual Company,Teacher (special educational needs)
1974-10-09,WQI,Ideal Mutual ,Cartographer
2009-10-04,YNC,Ciao GmbH,Transportation planner
1995-03-29,NEV,Loans S.A,Employment advice worker
1977-12-15,ZEL,Along Industries SIA,Crystallographer
2007-09-08,EGE,Jan Industries Corp,Sports development officer
1983-05-13,PWD,Gambling International Company,Court reporter/verbatim reporter
2006-09-10,JBT,Examine Mutual GmbH,Heritage manager
2012-04-07,ZPA,Sends Inc,Museum/gallery exhibition officer
1983-10-15,IQM,Candidates Mutual GmbH,Metallurgist
1979-01-09,ANL,Chen Mutual LLC,Lecturer (higher education)
1991-01-17,KKT,Excel Industries GmbH,Public affairs consultant (research)
1984-09-14,BEP,Eyed Energy B.V,Ergonomist
1987-04-15,KSC,Disc ,Photographer
2003-10-03,IFJ,Defines Stores ,Archivist
2001-09-28,JAC,They Energy Corp,Air traffic controller
2013-12-27,VDC,Dealing Software GmbH,Careers consultant
2023-09-10,AGJ,Ch Holdings LLC,Network administrator
2005-06-05,HXX,Gg Software SIA,Marine scientist
1987-01-14,DSC,Ivory Energy B.V,Trader
1975-04-10,XGW,Wilson Industries S.A,Biomedical engineer
2009-05-13,GRL,Concrete Industries Corp,Water engineer
1971-03-25,KSM,Gui Energy Ltd,Teacher (nursery/early years)
2004-08-12,TID,Prerequisite Stores A.G,Biotechnologist
1990-02-10,GAX,Chronic Industries ,Consultant
2016-12-24,AKJ,Nhs Industries ,Paediatric nurse
1983-11-30,DIB,Afterwards Mutual B.V,Barrister’s clerk
2015-08-20,MOO,Attack Mutual Pte. Ltd,Product development scientist
1992-11-09,KSI,Seeing Corp,Insurance risk surveyor
1994-09-20,BWA,Spirituality LLC,Design engineer
1997-01-26,STN,Easter Mutual ,Advocate (Scotland)
1987-03-24,OTH,Theory Holdings Pte. Ltd,Hydrologist
1987-12-27,FOO,Lincoln Stores SIA,Youth worker
1977-04-21,SIH,Brussels Mutual A.G,Education administrator
2000-10-03,IEV,Hz Holdings Corp,Tour operator
2006-08-21,IWD,Fork Stores LLC,Sports therapist
1992-07-28,DBA,Encouraging Industries ,Advice worker
1988-02-01,PRL,Aluminum Holdings SIA,Estate agent
2022-11-01,RNN,External ,Volunteer work organiser
2022-08-18,SWH,Curve Mutual A.G,Illustrator
1972-03-31,CMC,Bandwidth ,Actuary
1984-01-06,SBI,County Software ,Manufacturing engineer
1970-06-14,IKT,Robbie Software Corp,Public affairs consultant (research)
1984-03-23,STG,Automobile Ltd,Corporate banker
1996-05-09,GTB,Theories Mutual Ltd,Agricultural consultant
1988-07-09,HND,Liberty Ltd,Writer
2023-01-22,MIT,Childhood Energy LLC,Advertising copywriter
2018-07-07,JTI,Girlfriend ,Trade union research officer
1998-06-24,TAE,Hire International Corporation,Cartographer
2011-05-07,ZTM,Techniques Holdings Corp,Doctor (hospital)
1996-11-05,FOR,Idaho Stores Ltd,Television production assistant
2017-12-12,NUQ,Accessed Industries ,Court reporter/verbatim reporter
2001-12-09,NOQ,Recognize Software S.A,Photographer
2007-02-06,STN,Netscape Software Corp,Equal opportunities officer
1976-06-19,BKA,Fraud GmbH,Heritage manager
2019-08-20,KRO,Pale Mutual A.G,Retail manager
2007-12-15,TRH,Tutorials S.A,Personal assistant
2023-01-13,KYS,Successful Stores Corp,Marketing manager (social media)
2023-03-30,MML,Moscow SIA,Nutritionist
2023-02-15,PYC,Butler Mutual ,Production manager
2020-10-18,SEK,Excel Corporation,Conference organiser
2008-08-19,JCH,Mandatory International Ltd,Barrister’s clerk
2002-03-04,JNP,Expo Industries Company,Investment banker – operations
1978-05-01,OMO,Sounds Ltd,Field trials officer
1973-11-04,GIR,Peaceful Stores Pte. Ltd,Warehouse manager
2012-10-15,KCN,Looked Mutual LLC,Journalist
1995-08-06,SKX,Monitored International A.G,Employment advice worker
1989-12-29,SQQ,Workshops Software SIA,Investment analyst
1982-04-02,EDR,Claire Energy Ltd,Volunteer work organiser
1970-07-13,PLE,Vegetables Holdings ,Curator
1975-09-08,GAJ,Dv International A.G,Consumer rights adviser
1970-08-04,EFW,Mexico Mutual Corp,Customs officer
1995-05-03,RCK,Historical Industries ,Insurance broker
1994-12-26,TYT,Cameron International ,Architectural technologist
2003-06-24,KPV,Grace Pte. Ltd,Water engineer
2010-04-24,DNL,Each Industries GmbH,Consumer rights adviser
1999-04-22,CDQ,Specialty Industries B.V,Geomatics/land surveyor
1978-03-13,WTT,Prediction ,Sports development officer
1988-10-13,RSE,Bench B.V,Laboratory technician
2003-06-03,HBT,Fisheries Mutual Company,Horticultural consultant
1989-11-24,BQT,Robots Corporation,Information systems manager
2000-04-29,JBT,Norway Energy ,Building control officer/surveyor
1981-04-16,PXX,Sodium Industries Pte. Ltd,Electronics engineer
1978-10-25,DLY,Lesson International B.V,Government lawyer
1983-06-25,ESA,Fantasy GmbH,Water conservation officer
1973-04-14,JGX,Strength Holdings S.A,Teacher (primary)
2015-07-27,KYS,Floating LLC,Brand manager
1977-09-30,OGZ,Epson Inc,Consumer rights adviser
2004-01-02,VZT,Cfr Energy Ltd,Mechanical engineer
2007-04-18,BMU,Manufacture Inc,Advice worker
2010-05-09,BZP,Ontario Mutual Inc,Dramatherapist
1981-01-19,XWB,Rid International ,Architectural technologist
2008-04-03,CNX,Kenneth Software Inc,Political party research officer
1995-12-05,ELM,Soccer Energy S.A,Veterinary nurse
1996-04-06,SVU,Hwy International SIA,Prison officer
1995-08-06,QJD,Pushed ,Personal assistant
1977-11-26,JZU,Fever Holdings SIA,Seismic interpreter
1980-09-17,SXA,Premier Mutual SIA,Fitness centre manager
2004-04-23,JCA,Wearing Mutual B.V,Waste disposal officer
2001-02-04,ILU,Angels Mutual ,Forensic scientist
1988-01-07,KNO,Brisbane Mutual ,Catering manager
1981-07-27,TCU,Intel Stores Pte. Ltd,Airline cabin crew
2022-11-21,OMH,Colombia ,Dramatherapist
1977-01-04,TAE,Otherwise ,Land-based engineer
1978-12-21,EGX,Larger Industries ,Architect
2013-02-21,PMU,Definitions A.G,Picture researcher
1992-08-19,SHD,Update Holdings A.G,Cyber security specialist
2016-11-26,ROO,Asks Holdings A.G,Investment fund manager
1994-03-16,BCI,Accountability Energy GmbH,Art therapist
1995-01-27,YPX,Hour Mutual ,Teaching/classroom assistant
1979-05-25,KCS,Forces ,Environmental health officer
1985-08-27,KIA,Dad Mutual Corp,Logistics/distribution manager
1994-03-07,RQM,Naples Mutual ,Nurse
1972-02-21,PKC,Brick ,Town and country planner
1984-05-04,BLW,Speakers Company,Colour technologist
2017-08-29,LAU,Cg Pte. Ltd,Sales executive
1995-01-07,PIU,Gras International ,Medical representative
2009-12-09,API,Change ,Dentist
1974-12-27,VIL,Blond Energy Ltd,IT consultant
2022-10-28,TCW,Bright Software Corporation,Dentist
1992-10-18,CHZ,Squad A.G,Civil engineer
1978-01-03,NEV,Monster SIA,Academic librarian
2023-05-16,HNC,Nottingham Mutual ,Children's nurse
1983-07-18,GGC,Downtown International Ltd,Trading standards officer
1989-08-23,CHT,Bp Corporation,Design engineer
2010-11-09,LIW,Sixth Industries Inc,Field trials officer
2007-11-29,JNX,Notice ,Patent examiner
1996-05-17,KKE,Suggests Industries ,Teaching/classroom assistant
1995-02-02,HAM,Guidelines Energy ,Insurance risk surveyor
2018-07-29,EWB,Win Holdings LLC,Financial manager
2000-11-26,BHK,Wayne Industries Corp,Youth worker
1978-06-09,ENH,Uni International GmbH,Systems developer
2004-01-02,AMX,Upgrading Software Pte. Ltd,QA analyst
1977-08-20,GFF,Python International ,Housing adviser
1998-11-18,IKT,Reaching Energy ,Commercial horticulturist
1998-01-24,UPC,Midnight Mutual Corporation,Trader
1981-12-14,KMJ,Allocation Energy Ltd,Food scientist
1997-12-26,VKW,Impacts Industries ,Aeronautical engineer
2010-07-05,BFX,Cookie ,Cartographer
1982-11-01,GTT,Painful Holdings Pte. Ltd,Careers adviser (higher education)
1993-12-23,SRE,Scale Industries Company,Soil scientist
2022-04-27,VAL,Potatoes Industries Pte. Ltd,Food technologist
1971-11-26,EWB,Nervous Software S.A,Geneticist
1973-09-27,KDJ,Worth Company,Animator
2021-10-22,BRM,That Industries Corp,Cartographer
2023-07-14,SGJ,Wings ,Picture researcher
2019-04-29,YDT,Western Energy SIA,Software developer
2017-10-04,XZL,Farmer Mutual Inc,Food scientist
1986-07-25,HTB,Somewhere Holdings Company,Learning mentor
1974-11-18,MTK,Truth International Corp,Product development scientist
1985-05-31,BQT,Wikipedia Software Corporation,Microbiologist
1981-11-01,IAS,Most GmbH,Exhibition organiser
1994-11-03,KBF,Cleaners Stores GmbH,Environmental health officer
2016-06-12,CEL,Playing Software Corp,Sports therapist
2006-03-20,PXA,Coal International A.G,Archaeologist
1995-05-05,YUF,Injured International GmbH,Graphic designer
2015-06-29,SNW,Younger Holdings S.A,Patent examiner
2019-01-28,CPS,Antenna Industries S.A,Naval architect
2007-06-21,AUL,Grain S.A,Systems developer
2013-04-30,KWJ,Adjacent Stores S.A,Careers adviser
2005-07-30,AKG,Reduce Holdings ,Systems analyst
1975-10-14,KYS,Recover ,Trader
2015-12-14,ISP,Ser International Inc,Art therapist
1978-08-18,KGZ,Eos Holdings ,Fitness centre manager
2009-07-11,CBS,Makes Holdings S.A,Higher education administrator
2005-03-10,TTN,Psp International SIA,Water conservation officer
2014-11-04,YSB,Css Inc,Quantity surveyor
2006-05-04,NGX,Assumptions International Inc,Paediatric nurse
2010-11-06,MHR,Restrict Stores S.A,Lecturer (further education)
2018-08-27,FLB,Madness Pte. Ltd,Health promotion specialist
1985-09-26,KLW,High Company,Public relations (PR) officer
1983-10-28,DJO,Customers Energy ,TEFL/TESL teacher
1999-12-08,YSE,Trades GmbH,Music therapist
2009-08-18,TNB,Learning Industries Ltd,Barrister
1976-08-02,VCT,Movie Holdings Company,Equal opportunities officer
2019-09-23,CRQ,Reunion A.G,Chemical (process) engineer
1977-01-15,RIK,Attachments International ,Clinical scientist - tissue typing
1984-01-21,CSK,Reduces Energy Corporation,Marketing manager (social media)
2005-05-23,NOA,Homeland International LLC,Sports therapist
1990-11-05,MHH,Lift Energy Company,Local government lawyer
2002-10-17,OMH,Conditioning Industries ,Legal executive
2017-03-04,PCH,Una ,Corporate treasurer
2012-03-03,MEX,Basically LLC,Archaeologist
2015-08-10,WTA,Journey Pte. Ltd,Tax inspector
2012-05-21,KMI,Labor ,Journalist
2000-11-06,CMR,Java Energy ,Information systems manager
1992-10-31,GEX,Lace Energy Ltd,Probation officer